,0,1,2,3
576,2022-12-07,23:00:00,0.0,0.0
577,2022-12-07,22:00:00,0.0,0.0
578,2022-12-07,21:00:00,0.0,0.0
579,2022-12-07,20:00:00,0.0,0.0
580,2022-12-07,19:00:00,0.0,0.0
581,2022-12-07,18:00:00,0.0,0.0
582,2022-12-07,17:00:00,0.0,0.0
583,2022-12-07,16:00:00,3.700000047683716,0.003592233056003608
584,2022-12-07,15:00:00,1.000000082740371e-09,9.708738667382243e-13
585,2022-12-07,14:00:00,1.000000082740371e-09,9.708738667382243e-13
586,2022-12-07,13:00:00,54.20000076293945,0.052621359964018885
587,2022-12-07,12:00:00,55.20000076293945,0.053592233750426654
588,2022-12-07,11:00:00,48.0,0.04660194174757282
589,2022-12-07,10:00:00,45.29999923706055,0.04398058178355393
590,2022-12-07,09:00:00,0.5,0.0004854368932038835
591,2022-12-07,08:00:00,0.20000000298023202,0.00019417476017498253
592,2022-12-07,07:00:00,0.0,0.0
593,2022-12-07,06:00:00,0.0,0.0
594,2022-12-07,05:00:00,0.0,0.0
595,2022-12-07,04:00:00,0.0,0.0
596,2022-12-07,03:00:00,0.0,0.0
597,2022-12-07,02:00:00,0.0,0.0
598,2022-12-07,01:00:00,0.0,0.0
599,2022-12-07,00:00:00,0.0,0.0
600,2022-12-06,23:00:00,0.0,0.0
601,2022-12-06,22:00:00,0.0,0.0
602,2022-12-06,21:00:00,0.0,0.0
603,2022-12-06,20:00:00,0.0,0.0
604,2022-12-06,19:00:00,0.0,0.0
605,2022-12-06,18:00:00,0.0,0.0
606,2022-12-06,17:00:00,0.0,0.0
607,2022-12-06,16:00:00,2.700000047683716,0.0026213592695958406
608,2022-12-06,15:00:00,57.400001525878906,0.05572815682124166
609,2022-12-06,14:00:00,95.0999984741211,0.09233009560594281
610,2022-12-06,13:00:00,109.69999694824219,0.10650485140606038
611,2022-12-06,12:00:00,60.29999923706055,0.05854368857967043
612,2022-12-06,11:00:00,47.79999923706055,0.046407766249573344
613,2022-12-06,10:00:00,17.399999618530273,0.01689320351313619
614,2022-12-06,09:00:00,0.0,0.0
615,2022-12-06,08:00:00,0.10000000149011601,9.708738008749127e-05
616,2022-12-06,07:00:00,0.0,0.0
617,2022-12-06,06:00:00,0.0,0.0
618,2022-12-06,05:00:00,0.0,0.0
619,2022-12-06,04:00:00,0.0,0.0
620,2022-12-06,03:00:00,0.0,0.0
621,2022-12-06,02:00:00,0.0,0.0
622,2022-12-06,01:00:00,0.0,0.0
623,2022-12-06,00:00:00,0.0,0.0
624,2022-12-05,23:00:00,0.0,0.0
625,2022-12-05,22:00:00,0.0,0.0
626,2022-12-05,21:00:00,0.0,0.0
627,2022-12-05,20:00:00,0.0,0.0
628,2022-12-05,19:00:00,0.0,0.0
629,2022-12-05,18:00:00,0.0,0.0
630,2022-12-05,17:00:00,0.0,0.0
631,2022-12-05,16:00:00,0.0,0.0
632,2022-12-05,15:00:00,2.799999952316284,0.0027184465556468777
633,2022-12-05,14:00:00,46.900001525878906,0.0455339820639601
634,2022-12-05,13:00:00,62.20000076293945,0.060388350255281026
635,2022-12-05,12:00:00,61.5,0.05970873786407767
636,2022-12-05,11:00:00,15.600000381469727,0.015145631438320123
637,2022-12-05,10:00:00,18.5,0.017961165048543688
638,2022-12-05,09:00:00,54.0,0.05242718446601942
639,2022-12-05,08:00:00,0.0,0.0
640,2022-12-05,07:00:00,0.0,0.0
641,2022-12-05,06:00:00,0.0,0.0
642,2022-12-05,05:00:00,0.0,0.0
643,2022-12-05,04:00:00,0.0,0.0
644,2022-12-05,03:00:00,0.0,0.0
645,2022-12-05,02:00:00,0.0,0.0
646,2022-12-05,01:00:00,0.0,0.0
647,2022-12-05,00:00:00,0.0,0.0
648,2022-12-04,23:00:00,0.0,0.0
649,2022-12-04,22:00:00,0.0,0.0
650,2022-12-04,21:00:00,0.0,0.0
651,2022-12-04,20:00:00,0.0,0.0
652,2022-12-04,19:00:00,0.0,0.0
653,2022-12-04,18:00:00,0.0,0.0
654,2022-12-04,17:00:00,4.800000190734863,0.00466019435993676
655,2022-12-04,16:00:00,37.5,0.03640776699029126
656,2022-12-04,15:00:00,89.19999694824219,0.08660193878470115
657,2022-12-04,14:00:00,113.9000015258789,0.1105825257532805
658,2022-12-04,13:00:00,381.6000061035156,0.3704854428189472
659,2022-12-04,12:00:00,164.1999969482422,0.15941747276528367
660,2022-12-04,11:00:00,56.70000076293945,0.0550485444300383
661,2022-12-04,10:00:00,29.299999237060547,0.028446601201029657
662,2022-12-04,09:00:00,13.600000381469727,0.01320388386550459
663,2022-12-04,08:00:00,1.399999976158142,0.0013592232778234388
664,2022-12-04,07:00:00,0.0,0.0
665,2022-12-04,06:00:00,0.0,0.0
666,2022-12-04,05:00:00,0.0,0.0
667,2022-12-04,04:00:00,0.0,0.0
668,2022-12-04,03:00:00,0.0,0.0
669,2022-12-04,02:00:00,0.0,0.0
670,2022-12-04,01:00:00,0.0,0.0
671,2022-12-04,00:00:00,0.0,0.0
672,2022-12-03,23:00:00,0.0,0.0
673,2022-12-03,22:00:00,0.0,0.0
674,2022-12-03,21:00:00,0.0,0.0
675,2022-12-03,20:00:00,0.0,0.0
676,2022-12-03,19:00:00,0.0,0.0
677,2022-12-03,18:00:00,0.0,0.0
678,2022-12-03,17:00:00,0.0,0.0
679,2022-12-03,16:00:00,142.1999969482422,0.1380582494643128
680,2022-12-03,15:00:00,323.5,0.31407766990291264
681,2022-12-03,14:00:00,389.5,0.3781553398058252
682,2022-12-03,13:00:00,81.9000015258789,0.07951456458823195
683,2022-12-03,12:00:00,49.599998474121094,0.04815533832438941
684,2022-12-03,11:00:00,54.79999923706055,0.053203882754427716
685,2022-12-03,10:00:00,267.8999938964844,0.26009708145289745
686,2022-12-03,09:00:00,89.69999694824219,0.08708737567790503
687,2022-12-03,08:00:00,7.5,0.007281553398058253
688,2022-12-03,07:00:00,0.0,0.0
689,2022-12-03,06:00:00,0.0,0.0
690,2022-12-03,05:00:00,0.0,0.0
691,2022-12-03,04:00:00,0.0,0.0
692,2022-12-03,03:00:00,0.0,0.0
693,2022-12-03,02:00:00,0.0,0.0
694,2022-12-03,01:00:00,0.0,0.0
695,2022-12-03,00:00:00,0.0,0.0
696,2022-12-02,23:00:00,0.0,0.0
697,2022-12-02,22:00:00,0.0,0.0
698,2022-12-02,21:00:00,0.0,0.0
699,2022-12-02,20:00:00,0.0,0.0
700,2022-12-02,19:00:00,0.0,0.0
701,2022-12-02,18:00:00,0.0,0.0
702,2022-12-02,17:00:00,0.5,0.0004854368932038835
703,2022-12-02,16:00:00,168.60000610351562,0.16368932631409283
704,2022-12-02,15:00:00,347.5,0.33737864077669905
705,2022-12-02,14:00:00,413.20001220703125,0.40116506039517597
706,2022-12-02,13:00:00,484.1000061035156,0.4700000059257433
707,2022-12-02,12:00:00,466.29998779296875,0.4527184347504551
708,2022-12-02,11:00:00,424.29998779296875,0.41194173572132886
709,2022-12-02,10:00:00,281.79998779296875,0.27359222115822207
710,2022-12-02,09:00:00,86.9000015258789,0.08436893352027078
711,2022-12-02,08:00:00,5.599999904632568,0.005436893111293755
712,2022-12-02,07:00:00,0.0,0.0
713,2022-12-02,06:00:00,0.0,0.0
714,2022-12-02,05:00:00,0.0,0.0
715,2022-12-02,04:00:00,0.0,0.0
716,2022-12-02,03:00:00,0.0,0.0
717,2022-12-02,02:00:00,0.0,0.0
718,2022-12-02,01:00:00,0.0,0.0
719,2022-12-02,00:00:00,0.0,0.0
720,2022-12-01,23:00:00,0.0,0.0
721,2022-12-01,22:00:00,0.0,0.0
722,2022-12-01,21:00:00,0.0,0.0
723,2022-12-01,20:00:00,0.0,0.0
724,2022-12-01,19:00:00,0.0,0.0
725,2022-12-01,18:00:00,0.0,0.0
726,2022-12-01,17:00:00,0.699999988079071,0.0006796116389117194
727,2022-12-01,16:00:00,165.60000610351562,0.16077670495486954
728,2022-12-01,15:00:00,339.29998779296875,0.3294174638766687
729,2022-12-01,14:00:00,402.79998779296875,0.39106794931356187
730,2022-12-01,13:00:00,470.0,0.4563106796116505
731,2022-12-01,12:00:00,451.3999938964844,0.4382524212587227
732,2022-12-01,11:00:00,410.3999938964844,0.39844659601600424
733,2022-12-01,10:00:00,272.6000061035156,0.2646602001005006
734,2022-12-01,09:00:00,84.4000015258789,0.08194174905425136
735,2022-12-01,08:00:00,5.800000190734863,0.005631068146344527
736,2022-12-01,07:00:00,0.0,0.0
737,2022-12-01,06:00:00,0.0,0.0
738,2022-12-01,05:00:00,0.0,0.0
739,2022-12-01,04:00:00,0.0,0.0
740,2022-12-01,03:00:00,0.0,0.0
741,2022-12-01,02:00:00,0.0,0.0
742,2022-12-01,01:00:00,0.0,0.0
743,2022-12-01,00:00:00,0.0,0.0
2760,2022-09-07,23:00:00,0.0,0.0
2761,2022-09-07,22:00:00,0.0,0.0
2762,2022-09-07,21:00:00,0.0,0.0
2763,2022-09-07,20:00:00,0.0,0.0
2764,2022-09-07,19:00:00,0.0,0.0
2765,2022-09-07,18:00:00,100.30000305175781,0.0973786437395707
2766,2022-09-07,17:00:00,297.6000061035156,0.2889320447606948
2767,2022-09-07,16:00:00,295.8999938964844,0.28728154747231494
2768,2022-09-07,15:00:00,425.0984802246094,0.41271697109185373
2769,2022-09-07,14:00:00,454.3457946777344,0.44111242201721784
2770,2022-09-07,13:00:00,589.3568115234375,0.5721910791489685
2771,2022-09-07,12:00:00,416.84637451171875,0.4047052179725425
2772,2022-09-07,11:00:00,361.39154052734375,0.3508655733275182
2773,2022-09-07,10:00:00,545.6619262695312,0.5297688604558556
2774,2022-09-07,09:00:00,190.60000610351562,0.1850485496150637
2775,2022-09-07,08:00:00,255.6999969482422,0.24825242422159435
2776,2022-09-07,07:00:00,18.600000381469727,0.018058252797543424
2777,2022-09-07,06:00:00,0.0,0.0
2778,2022-09-07,05:00:00,0.0,0.0
2779,2022-09-07,04:00:00,0.0,0.0
2780,2022-09-07,03:00:00,0.0,0.0
2781,2022-09-07,02:00:00,0.0,0.0
2782,2022-09-07,01:00:00,0.0,0.0
2783,2022-09-07,00:00:00,0.0,0.0
2784,2022-09-06,23:00:00,0.0,0.0
2785,2022-09-06,22:00:00,0.0,0.0
2786,2022-09-06,21:00:00,0.0,0.0
2787,2022-09-06,20:00:00,0.0,0.0
2788,2022-09-06,19:00:00,0.0,0.0
2789,2022-09-06,18:00:00,121.5999984741211,0.11805825094574864
2790,2022-09-06,17:00:00,380.3999938964844,0.36932038242377124
2791,2022-09-06,16:00:00,501.79998779296875,0.4871844541679308
2792,2022-09-06,15:00:00,702.7745971679688,0.682305434143659
2793,2022-09-06,14:00:00,774.5164184570312,0.7519576878223604
2794,2022-09-06,13:00:00,854.1129150390625,0.82923583984375
2795,2022-09-06,12:00:00,844.0597534179688,0.8194754887553095
2796,2022-09-06,11:00:00,805.6385498046875,0.7821733493249393
2797,2022-09-06,10:00:00,660.22607421875,0.6409961885618932
2798,2022-09-06,09:00:00,104.4000015258789,0.1013592247824067
2799,2022-09-06,08:00:00,56.20000076293945,0.054563107536834424
2800,2022-09-06,07:00:00,0.0,0.0
2801,2022-09-06,06:00:00,0.0,0.0
2802,2022-09-06,05:00:00,0.0,0.0
2803,2022-09-06,04:00:00,0.0,0.0
2804,2022-09-06,03:00:00,0.0,0.0
2805,2022-09-06,02:00:00,0.0,0.0
2806,2022-09-06,01:00:00,0.0,0.0
2807,2022-09-06,00:00:00,0.0,0.0
2808,2022-09-05,23:00:00,0.0,0.0
2809,2022-09-05,22:00:00,0.0,0.0
2810,2022-09-05,21:00:00,0.0,0.0
2811,2022-09-05,20:00:00,0.0,0.0
2812,2022-09-05,19:00:00,0.0,0.0
2813,2022-09-05,18:00:00,159.10000610351562,0.15446602534321904
2814,2022-09-05,17:00:00,286.20001220703125,0.2778640895213896
2815,2022-09-05,16:00:00,525.0,0.5097087378640777
2816,2022-09-05,15:00:00,714.311279296875,0.693506096404733
2817,2022-09-05,14:00:00,782.1836547851562,0.7594016065875303
2818,2022-09-05,13:00:00,854.5613403320312,0.8296712042058556
2819,2022-09-05,12:00:00,838.884765625,0.8144512287621359
2820,2022-09-05,11:00:00,797.6536254882812,0.7744209956196906
2821,2022-09-05,10:00:00,651.9353637695312,0.6329469551160497
2822,2022-09-05,09:00:00,190.10000610351562,0.18456311272185982
2823,2022-09-05,08:00:00,55.599998474121094,0.05398058104283601
2824,2022-09-05,07:00:00,3.599999904632568,0.003495145538478221
2825,2022-09-05,06:00:00,0.0,0.0
2826,2022-09-05,05:00:00,0.0,0.0
2827,2022-09-05,04:00:00,0.0,0.0
2828,2022-09-05,03:00:00,0.0,0.0
2829,2022-09-05,02:00:00,0.0,0.0
2830,2022-09-05,01:00:00,0.0,0.0
2831,2022-09-05,00:00:00,0.0,0.0
2832,2022-09-04,23:00:00,0.0,0.0
2833,2022-09-04,22:00:00,0.0,0.0
2834,2022-09-04,21:00:00,0.0,0.0
2835,2022-09-04,20:00:00,0.0,0.0
2836,2022-09-04,19:00:00,0.0,0.0
2837,2022-09-04,18:00:00,136.10000610351562,0.13213592825584042
2838,2022-09-04,17:00:00,253.0,0.24563106796116504
2839,2022-09-04,16:00:00,525.378173828125,0.5100758969205097
2840,2022-09-04,15:00:00,719.6306762695312,0.6986705594849818
2841,2022-09-04,14:00:00,789.395263671875,0.7664031686134709
2842,2022-09-04,13:00:00,817.6843872070312,0.7938683370942051
2843,2022-09-04,12:00:00,310.74835205078125,0.3016974291755158
2844,2022-09-04,11:00:00,797.5464477539062,0.7743169395668993
2845,2022-09-04,10:00:00,578.8298950195312,0.5619707718636225
2846,2022-09-04,09:00:00,139.60000610351562,0.1355339865082676
2847,2022-09-04,08:00:00,66.0999984741211,0.06417475580011757
2848,2022-09-04,07:00:00,17.200000762939453,0.016699029866931506
2849,2022-09-04,06:00:00,0.0,0.0
2850,2022-09-04,05:00:00,0.0,0.0
2851,2022-09-04,04:00:00,0.0,0.0
2852,2022-09-04,03:00:00,0.0,0.0
2853,2022-09-04,02:00:00,0.0,0.0
2854,2022-09-04,01:00:00,0.0,0.0
2855,2022-09-04,00:00:00,0.0,0.0
2856,2022-09-03,23:00:00,0.0,0.0
2857,2022-09-03,22:00:00,0.0,0.0
2858,2022-09-03,21:00:00,0.0,0.0
2859,2022-09-03,20:00:00,0.0,0.0
2860,2022-09-03,19:00:00,0.0,0.0
2861,2022-09-03,18:00:00,162.89999389648438,0.1581553338800819
2862,2022-09-03,17:00:00,291.79998779296875,0.28330095902229974
2863,2022-09-03,16:00:00,535.2999877929688,0.519708726012591
2864,2022-09-03,15:00:00,728.142578125,0.706934541868932
2865,2022-09-03,14:00:00,797.6922607421875,0.7744585055749393
2866,2022-09-03,13:00:00,874.03564453125,0.8485782956614077
2867,2022-09-03,12:00:00,856.4423828125,0.8314974590412622
2868,2022-09-03,11:00:00,813.3987426757812,0.7897075171609527
2869,2022-09-03,10:00:00,665.0618286132812,0.6456910957410498
2870,2022-09-03,09:00:00,451.0,0.43786407766990293
2871,2022-09-03,08:00:00,326.6000061035156,0.31708738456652
2872,2022-09-03,07:00:00,74.69999694824219,0.07252426888178853
2873,2022-09-03,06:00:00,0.0,0.0
2874,2022-09-03,05:00:00,0.0,0.0
2875,2022-09-03,04:00:00,0.0,0.0
2876,2022-09-03,03:00:00,0.0,0.0
2877,2022-09-03,02:00:00,0.0,0.0
2878,2022-09-03,01:00:00,0.0,0.0
2879,2022-09-03,00:00:00,0.0,0.0
2880,2022-09-02,23:00:00,0.0,0.0
2881,2022-09-02,22:00:00,0.0,0.0
2882,2022-09-02,21:00:00,0.0,0.0
2883,2022-09-02,20:00:00,0.0,0.0
2884,2022-09-02,19:00:00,0.0,0.0
2885,2022-09-02,18:00:00,173.10000610351562,0.1680582583529278
2886,2022-09-02,17:00:00,298.8999938964844,0.2901941688315382
2887,2022-09-02,16:00:00,300.3999938964844,0.29165047951114986
2888,2022-09-02,15:00:00,406.7928466796875,0.3949445113395024
2889,2022-09-02,14:00:00,761.34326171875,0.7391682152609224
2890,2022-09-02,13:00:00,864.0054931640625,0.8388402846253034
2891,2022-09-02,12:00:00,763.4933471679688,0.7412556768621056
2892,2022-09-02,11:00:00,599.70263671875,0.5822355696298543
2893,2022-09-02,10:00:00,298.6427917480469,0.2899444580078125
2894,2022-09-02,09:00:00,91.80880737304688,0.08913476443985134
2895,2022-09-02,08:00:00,27.525915145874023,0.026724189462013614
2896,2022-09-02,07:00:00,0.0,0.0
2897,2022-09-02,06:00:00,0.0,0.0
2898,2022-09-02,05:00:00,0.0,0.0
2899,2022-09-02,04:00:00,0.0,0.0
2900,2022-09-02,03:00:00,0.0,0.0
2901,2022-09-02,02:00:00,0.0,0.0
2902,2022-09-02,01:00:00,0.0,0.0
2903,2022-09-02,00:00:00,0.0,0.0
2904,2022-09-01,23:00:00,0.0,0.0
2905,2022-09-01,22:00:00,0.0,0.0
2906,2022-09-01,21:00:00,0.0,0.0
2907,2022-09-01,20:00:00,0.0,0.0
2908,2022-09-01,19:00:00,0.0,0.0
2909,2022-09-01,18:00:00,162.89999389648438,0.1581553338800819
2910,2022-09-01,17:00:00,247.1999969482422,0.23999999703712835
2911,2022-09-01,16:00:00,490.72149658203125,0.4764286374582828
2912,2022-09-01,15:00:00,674.5994262695312,0.6549508992908071
2913,2022-09-01,14:00:00,750.0875854492188,0.7282403742225425
2914,2022-09-01,13:00:00,848.7447509765625,0.8240240300743326
2915,2022-09-01,12:00:00,855.9366455078125,0.8310064519493325
2916,2022-09-01,11:00:00,813.2035522460938,0.7895180118894114
2917,2022-09-01,10:00:00,667.1511840820312,0.6477195961961468
2918,2022-09-01,09:00:00,455.0328063964844,0.44177942368590717
2919,2022-09-01,08:00:00,166.0,0.16116504854368932
2920,2022-09-01,07:00:00,67.9000015258789,0.06592233157852322
2921,2022-09-01,06:00:00,0.0,0.0
2922,2022-09-01,05:00:00,0.0,0.0
2923,2022-09-01,04:00:00,0.0,0.0
2924,2022-09-01,03:00:00,0.0,0.0
2925,2022-09-01,02:00:00,0.0,0.0
2926,2022-09-01,01:00:00,0.0,0.0
2927,2022-09-01,00:00:00,0.0,0.0
4968,2022-06-07,23:00:00,0.0,0.0
4969,2022-06-07,22:00:00,0.0,0.0
4970,2022-06-07,21:00:00,0.0,0.0
4971,2022-06-07,20:00:00,0.5,0.0004854368932038835
4972,2022-06-07,19:00:00,68.0999984741211,0.0661165033729331
4973,2022-06-07,18:00:00,309.20001220703125,0.3001941866087682
4974,2022-06-07,17:00:00,436.3999938964844,0.4236893144626062
4975,2022-06-07,16:00:00,670.4559936523438,0.6509281491770328
4976,2022-06-07,15:00:00,852.84912109375,0.8280088554308253
4977,2022-06-07,14:00:00,919.6085205078125,0.8928238063182645
4978,2022-06-07,13:00:00,989.7117919921875,0.9608852349438713
4979,2022-06-07,12:00:00,976.0030517578125,0.9475757784056432
4980,2022-06-07,11:00:00,938.326171875,0.9109962833737864
4981,2022-06-07,10:00:00,804.38427734375,0.780955609071602
4982,2022-06-07,09:00:00,175.0746307373047,0.16997536964786863
4983,2022-06-07,08:00:00,102.0999984741211,0.09912621211079718
4984,2022-06-07,07:00:00,33.400001525878906,0.03242718594745525
4985,2022-06-07,06:00:00,1.0,0.000970873786407767
4986,2022-06-07,05:00:00,0.0,0.0
4987,2022-06-07,04:00:00,0.0,0.0
4988,2022-06-07,03:00:00,0.0,0.0
4989,2022-06-07,02:00:00,0.0,0.0
4990,2022-06-07,01:00:00,0.0,0.0
4991,2022-06-07,00:00:00,0.0,0.0
4992,2022-06-06,23:00:00,0.0,0.0
4993,2022-06-06,22:00:00,0.0,0.0
4994,2022-06-06,21:00:00,0.0,0.0
4995,2022-06-06,20:00:00,1.700000047683715,0.0016504854831880728
4996,2022-06-06,19:00:00,72.0,0.06990291262135923
4997,2022-06-06,18:00:00,87.69999694824219,0.08514562810508951
4998,2022-06-06,17:00:00,189.39999389648438,0.18388348921988773
4999,2022-06-06,16:00:00,545.2168579101562,0.5293367552525788
5000,2022-06-06,15:00:00,854.7496948242188,0.8298540726448725
5001,2022-06-06,14:00:00,916.5037231445312,0.8898094399461468
5002,2022-06-06,13:00:00,981.5218505859375,0.9529338355203276
5003,2022-06-06,12:00:00,951.9064331054688,0.9241810030150182
5004,2022-06-06,11:00:00,920.4781494140625,0.8936681062272451
5005,2022-06-06,10:00:00,795.054443359375,0.7718975178246359
5006,2022-06-06,09:00:00,496.11773681640625,0.48166770564699635
5007,2022-06-06,08:00:00,131.84910583496094,0.12800884061646692
5008,2022-06-06,07:00:00,239.89999389648438,0.23291261543347996
5009,2022-06-06,06:00:00,22.899999618530273,0.022233009338378906
5010,2022-06-06,05:00:00,0.0,0.0
5011,2022-06-06,04:00:00,0.0,0.0
5012,2022-06-06,03:00:00,0.0,0.0
5013,2022-06-06,02:00:00,0.0,0.0
5014,2022-06-06,01:00:00,0.0,0.0
5015,2022-06-06,00:00:00,0.0,0.0
5016,2022-06-05,23:00:00,0.0,0.0
5017,2022-06-05,22:00:00,0.0,0.0
5018,2022-06-05,21:00:00,0.0,0.0
5019,2022-06-05,20:00:00,0.0,0.0
5020,2022-06-05,19:00:00,10.800000190734863,0.010485437078383363
5021,2022-06-05,18:00:00,304.29998779296875,0.2954368813523968
5022,2022-06-05,17:00:00,444.5643615722656,0.43161588502161713
5023,2022-06-05,16:00:00,679.93212890625,0.6601282804915048
5024,2022-06-05,15:00:00,861.9215698242188,0.8368170580817658
5025,2022-06-05,14:00:00,927.8234252929688,0.9007994420320085
5026,2022-06-05,13:00:00,920.7832641601562,0.893964334136074
5027,2022-06-05,12:00:00,985.2723388671875,0.9565750862788228
5028,2022-06-05,11:00:00,941.9104614257812,0.9144761761415352
5029,2022-06-05,10:00:00,532.7359619140625,0.5172193804990898
5030,2022-06-05,09:00:00,146.6999969482422,0.14242718150314776
5031,2022-06-05,08:00:00,99.69999694824219,0.09679611354198271
5032,2022-06-05,07:00:00,34.0,0.03300970873786408
5033,2022-06-05,06:00:00,1.0,0.000970873786407767
5034,2022-06-05,05:00:00,0.0,0.0
5035,2022-06-05,04:00:00,0.0,0.0
5036,2022-06-05,03:00:00,0.0,0.0
5037,2022-06-05,02:00:00,0.0,0.0
5038,2022-06-05,01:00:00,0.0,0.0
5039,2022-06-05,00:00:00,0.0,0.0
5040,2022-06-04,23:00:00,0.0,0.0
5041,2022-06-04,22:00:00,0.0,0.0
5042,2022-06-04,21:00:00,0.0,0.0
5043,2022-06-04,20:00:00,0.0,0.0
5044,2022-06-04,19:00:00,65.9000015258789,0.06398058400570768
5045,2022-06-04,18:00:00,310.6000061035156,0.30155340398399577
5046,2022-06-04,17:00:00,554.2734375,0.5381295509708738
5047,2022-06-04,16:00:00,664.5514526367188,0.645195585084193
5048,2022-06-04,15:00:00,844.3025512695312,0.8197112148247876
5049,2022-06-04,14:00:00,913.8006591796875,0.8871851059996966
5050,2022-06-04,13:00:00,896.71484375,0.8705969356796116
5051,2022-06-04,12:00:00,448.64593505859375,0.43557857772679004
5052,2022-06-04,11:00:00,465.4620056152344,0.4519048598206159
5053,2022-06-04,10:00:00,328.9656066894531,0.3193840841645176
5054,2022-06-04,09:00:00,206.78067016601562,0.20075793220001517
5055,2022-06-04,08:00:00,225.3550567626953,0.21879131724533527
5056,2022-06-04,07:00:00,140.19046020507812,0.13610724291755158
5057,2022-06-04,06:00:00,5.5,0.005339805825242718
5058,2022-06-04,05:00:00,0.0,0.0
5059,2022-06-04,04:00:00,0.0,0.0
5060,2022-06-04,03:00:00,0.0,0.0
5061,2022-06-04,02:00:00,0.0,0.0
5062,2022-06-04,01:00:00,0.0,0.0
5063,2022-06-04,00:00:00,0.0,0.0
5064,2022-06-03,23:00:00,0.0,0.0
5065,2022-06-03,22:00:00,0.0,0.0
5066,2022-06-03,21:00:00,0.0,0.0
5067,2022-06-03,20:00:00,0.0,0.0
5068,2022-06-03,19:00:00,29.399999618530273,0.028543688950029393
5069,2022-06-03,18:00:00,222.8000030517578,0.21631068257452216
5070,2022-06-03,17:00:00,444.201904296875,0.4312639847542476
5071,2022-06-03,16:00:00,562.1407470703125,0.5457677156022451
5072,2022-06-03,15:00:00,746.2041015625,0.7244700015169903
5073,2022-06-03,14:00:00,818.9253540039062,0.7950731592270934
5074,2022-06-03,13:00:00,463.51641845703125,0.4500159402495449
5075,2022-06-03,12:00:00,800.3280029296875,0.7770174785725121
5076,2022-06-03,11:00:00,734.0642700195312,0.7126837573005158
5077,2022-06-03,10:00:00,677.6802978515625,0.6579420367490898
5078,2022-06-03,09:00:00,156.27703857421875,0.1517252801691444
5079,2022-06-03,08:00:00,236.705322265625,0.22981099249089806
5080,2022-06-03,07:00:00,72.30000305175781,0.07019417772015321
5081,2022-06-03,06:00:00,1.200000047683715,0.0011650485899841892
5082,2022-06-03,05:00:00,0.0,0.0
5083,2022-06-03,04:00:00,0.0,0.0
5084,2022-06-03,03:00:00,0.0,0.0
5085,2022-06-03,02:00:00,0.0,0.0
5086,2022-06-03,01:00:00,0.0,0.0
5087,2022-06-03,00:00:00,0.0,0.0
5088,2022-06-02,23:00:00,0.0,0.0
5089,2022-06-02,22:00:00,0.0,0.0
5090,2022-06-02,21:00:00,0.0,0.0
5091,2022-06-02,20:00:00,0.0,0.0
5092,2022-06-02,19:00:00,36.400001525878906,0.03533980730667855
5093,2022-06-02,18:00:00,255.39999389648438,0.24796115912280037
5094,2022-06-02,17:00:00,440.70001220703125,0.42786408952138955
5095,2022-06-02,16:00:00,494.95452880859375,0.4805383774840716
5096,2022-06-02,15:00:00,690.0946044921875,0.6699947616429005
5097,2022-06-02,14:00:00,768.6170043945312,0.7462301013539139
5098,2022-06-02,13:00:00,835.1650390625,0.81083984375
5099,2022-06-02,12:00:00,875.1409301757812,0.849651388520176
5100,2022-06-02,11:00:00,872.5250854492188,0.8471117334458435
5101,2022-06-02,10:00:00,749.5394897460938,0.7277082424719357
5102,2022-06-02,09:00:00,460.35296630859375,0.4469446274840716
5103,2022-06-02,08:00:00,279.25048828125,0.27111697891383496
5104,2022-06-02,07:00:00,13.800000190734863,0.013398058437606664
5105,2022-06-02,06:00:00,0.0,0.0
5106,2022-06-02,05:00:00,0.0,0.0
5107,2022-06-02,04:00:00,0.0,0.0
5108,2022-06-02,03:00:00,0.0,0.0
5109,2022-06-02,02:00:00,0.0,0.0
5110,2022-06-02,01:00:00,0.0,0.0
5111,2022-06-02,00:00:00,0.0,0.0
5112,2022-06-01,23:00:00,0.0,0.0
5113,2022-06-01,22:00:00,0.0,0.0
5114,2022-06-01,21:00:00,0.0,0.0
5115,2022-06-01,20:00:00,0.0,0.0
5116,2022-06-01,19:00:00,74.9000015258789,0.07271844808337757
5117,2022-06-01,18:00:00,313.79998779296875,0.30466018232327063
5118,2022-06-01,17:00:00,437.79998779296875,0.42504853183783375
5119,2022-06-01,16:00:00,673.3471069335938,0.6537350552753337
5120,2022-06-01,15:00:00,856.5213623046875,0.8315741381598908
5121,2022-06-01,14:00:00,921.5531005859375,0.8947117481416869
5122,2022-06-01,13:00:00,988.9602661132812,0.9601555981682343
5123,2022-06-01,12:00:00,972.6902465820312,0.9443594627010012
5124,2022-06-01,11:00:00,933.9458618164062,0.9067435551615595
5125,2022-06-01,10:00:00,798.8714599609375,0.7756033591853763
5126,2022-06-01,09:00:00,188.44309997558594,0.1829544659957145
5127,2022-06-01,08:00:00,114.5,0.11116504854368932
5128,2022-06-01,07:00:00,161.3000030517578,0.15660194471044447
5129,2022-06-01,06:00:00,2.5,0.0024271844660194173
5130,2022-06-01,05:00:00,0.0,0.0
5131,2022-06-01,04:00:00,0.0,0.0
5132,2022-06-01,03:00:00,0.0,0.0
5133,2022-06-01,02:00:00,0.0,0.0
5134,2022-06-01,01:00:00,0.0,0.0
5135,2022-06-01,00:00:00,0.0,0.0
7176,2022-03-07,23:00:00,0.0,0.0
7177,2022-03-07,22:00:00,0.0,0.0
7178,2022-03-07,21:00:00,0.0,0.0
7179,2022-03-07,20:00:00,0.0,0.0
7180,2022-03-07,19:00:00,0.0,0.0
7181,2022-03-07,18:00:00,16.299999237060547,0.015825241977728687
7182,2022-03-07,17:00:00,250.6999969482422,0.24339805528955552
7183,2022-03-07,16:00:00,372.6000061035156,0.36174757874127733
7184,2022-03-07,15:00:00,578.7640991210938,0.5619068923505764
7185,2022-03-07,14:00:00,155.08319091796875,0.15056620477472693
7186,2022-03-07,13:00:00,404.2847900390625,0.3925095048922937
7187,2022-03-07,12:00:00,510.14581298828125,0.4952871970760012
7188,2022-03-07,11:00:00,478.20001220703125,0.46427185651168085
7189,2022-03-07,10:00:00,559.0,0.5427184466019418
7190,2022-03-07,09:00:00,349.5,0.33932038834951456
7191,2022-03-07,08:00:00,92.69999694824219,0.08999999703712834
7192,2022-03-07,07:00:00,1.100000023841858,0.0010679611881959786
7193,2022-03-07,06:00:00,0.0,0.0
7194,2022-03-07,05:00:00,0.0,0.0
7195,2022-03-07,04:00:00,0.0,0.0
7196,2022-03-07,03:00:00,0.0,0.0
7197,2022-03-07,02:00:00,0.0,0.0
7198,2022-03-07,01:00:00,0.0,0.0
7199,2022-03-07,00:00:00,0.0,0.0
7200,2022-03-06,23:00:00,0.0,0.0
7201,2022-03-06,22:00:00,0.0,0.0
7202,2022-03-06,21:00:00,0.0,0.0
7203,2022-03-06,20:00:00,0.0,0.0
7204,2022-03-06,19:00:00,0.0,0.0
7205,2022-03-06,18:00:00,25.200000762939453,0.024466020158193644
7206,2022-03-06,17:00:00,163.6999969482422,0.1589320358720798
7207,2022-03-06,16:00:00,414.29998779296875,0.4022329978572512
7208,2022-03-06,15:00:00,612.9986572265625,0.5951443274044296
7209,2022-03-06,14:00:00,683.8745727539062,0.6639558958775789
7210,2022-03-06,13:00:00,759.8109130859375,0.7376804981416869
7211,2022-03-06,12:00:00,740.8775634765625,0.7192986053170509
7212,2022-03-06,11:00:00,696.2450561523438,0.6759660739343143
7213,2022-03-06,10:00:00,541.0,0.525242718446602
7214,2022-03-06,09:00:00,315.29998779296875,0.3061164930028823
7215,2022-03-06,08:00:00,187.0,0.18155339805825244
7216,2022-03-06,07:00:00,0.0,0.0
7217,2022-03-06,06:00:00,0.0,0.0
7218,2022-03-06,05:00:00,0.0,0.0
7219,2022-03-06,04:00:00,0.0,0.0
7220,2022-03-06,03:00:00,0.0,0.0
7221,2022-03-06,02:00:00,0.0,0.0
7222,2022-03-06,01:00:00,0.0,0.0
7223,2022-03-06,00:00:00,0.0,0.0
7224,2022-03-05,23:00:00,0.0,0.0
7225,2022-03-05,22:00:00,0.0,0.0
7226,2022-03-05,21:00:00,0.0,0.0
7227,2022-03-05,20:00:00,0.0,0.0
7228,2022-03-05,19:00:00,0.0,0.0
7229,2022-03-05,18:00:00,16.5,0.016019417475728156
7230,2022-03-05,17:00:00,10.100000381469727,0.009805825613077404
7231,2022-03-05,16:00:00,30.799999237060547,0.029902911880641307
7232,2022-03-05,15:00:00,249.2817840576172,0.24202114957050214
7233,2022-03-05,14:00:00,106.30326843261719,0.1032070567306963
7234,2022-03-05,13:00:00,48.42902755737305,0.04701847335667286
7235,2022-03-05,12:00:00,708.9173583984375,0.688269279998483
7236,2022-03-05,11:00:00,666.5109252929688,0.6470979857213289
7237,2022-03-05,10:00:00,136.69827270507812,0.13271676961658072
7238,2022-03-05,09:00:00,52.400001525878906,0.05087378788920282
7239,2022-03-05,08:00:00,26.5,0.025728155339805825
7240,2022-03-05,07:00:00,0.0,0.0
7241,2022-03-05,06:00:00,0.0,0.0
7242,2022-03-05,05:00:00,0.0,0.0
7243,2022-03-05,04:00:00,0.0,0.0
7244,2022-03-05,03:00:00,0.0,0.0
7245,2022-03-05,02:00:00,0.0,0.0
7246,2022-03-05,01:00:00,0.0,0.0
7247,2022-03-05,00:00:00,0.0,0.0
7248,2022-03-04,23:00:00,0.0,0.0
7249,2022-03-04,22:00:00,0.0,0.0
7250,2022-03-04,21:00:00,0.0,0.0
7251,2022-03-04,20:00:00,0.0,0.0
7252,2022-03-04,19:00:00,0.0,0.0
7253,2022-03-04,18:00:00,6.699999809265137,0.00650485418375256
7254,2022-03-04,17:00:00,232.8000030517578,0.22601942043859982
7255,2022-03-04,16:00:00,356.20001220703125,0.34582525456993324
7256,2022-03-04,15:00:00,567.5078125,0.5509784587378641
7257,2022-03-04,14:00:00,706.4296875,0.6858540655339805
7258,2022-03-04,13:00:00,741.1658935546875,0.7195785374317354
7259,2022-03-04,12:00:00,732.8413696289062,0.7114964753678702
7260,2022-03-04,11:00:00,618.4976806640625,0.6004831851107403
7261,2022-03-04,10:00:00,545.9000244140625,0.5300000237029733
7262,2022-03-04,09:00:00,326.1000061035156,0.3166019476733161
7263,2022-03-04,08:00:00,190.60000610351562,0.1850485496150637
7264,2022-03-04,07:00:00,0.0,0.0
7265,2022-03-04,06:00:00,0.0,0.0
7266,2022-03-04,05:00:00,0.0,0.0
7267,2022-03-04,04:00:00,0.0,0.0
7268,2022-03-04,03:00:00,0.0,0.0
7269,2022-03-04,02:00:00,0.0,0.0
7270,2022-03-04,01:00:00,0.0,0.0
7271,2022-03-04,00:00:00,0.0,0.0
7272,2022-03-03,23:00:00,0.0,0.0
7273,2022-03-03,22:00:00,0.0,0.0
7274,2022-03-03,21:00:00,0.0,0.0
7275,2022-03-03,20:00:00,0.0,0.0
7276,2022-03-03,19:00:00,0.0,0.0
7277,2022-03-03,18:00:00,0.0,0.0
7278,2022-03-03,17:00:00,139.5,0.1354368932038835
7279,2022-03-03,16:00:00,342.0,0.3320388349514563
7280,2022-03-03,15:00:00,558.9000244140625,0.5426213829262743
7281,2022-03-03,14:00:00,695.9071655273438,0.6756380247838288
7282,2022-03-03,13:00:00,730.3663940429688,0.7090935864494842
7283,2022-03-03,12:00:00,723.0431518554688,0.701983642578125
7284,2022-03-03,11:00:00,447.09783935546875,0.4340755721897755
7285,2022-03-03,10:00:00,120.05570983886719,0.1165589415911332
7286,2022-03-03,09:00:00,35.0,0.03398058252427184
7287,2022-03-03,08:00:00,1.000000082740371e-09,9.708738667382243e-13
7288,2022-03-03,07:00:00,0.0,0.0
7289,2022-03-03,06:00:00,0.0,0.0
7290,2022-03-03,05:00:00,0.0,0.0
7291,2022-03-03,04:00:00,0.0,0.0
7292,2022-03-03,03:00:00,0.0,0.0
7293,2022-03-03,02:00:00,0.0,0.0
7294,2022-03-03,01:00:00,0.0,0.0
7295,2022-03-03,00:00:00,0.0,0.0
7296,2022-03-02,23:00:00,0.0,0.0
7297,2022-03-02,22:00:00,0.0,0.0
7298,2022-03-02,21:00:00,0.0,0.0
7299,2022-03-02,20:00:00,0.0,0.0
7300,2022-03-02,19:00:00,0.0,0.0
7301,2022-03-02,18:00:00,0.0,0.0
7302,2022-03-02,17:00:00,79.5999984741211,0.07728155191662242
7303,2022-03-02,16:00:00,112.5999984741211,0.10932038686807873
7304,2022-03-02,15:00:00,199.3000030517578,0.19349514859393963
7305,2022-03-02,14:00:00,451.00799560546875,0.437871840393659
7306,2022-03-02,13:00:00,610.9725341796875,0.593177217650182
7307,2022-03-02,12:00:00,709.7044067382812,0.6890334046002731
7308,2022-03-02,11:00:00,615.5557861328125,0.5976269768279733
7309,2022-03-02,10:00:00,532.2999877929688,0.5167961046533677
7310,2022-03-02,09:00:00,314.8999938964844,0.3057281494140625
7311,2022-03-02,08:00:00,187.0,0.18155339805825244
7312,2022-03-02,07:00:00,0.0,0.0
7313,2022-03-02,06:00:00,0.0,0.0
7314,2022-03-02,05:00:00,0.0,0.0
7315,2022-03-02,04:00:00,0.0,0.0
7316,2022-03-02,03:00:00,0.0,0.0
7317,2022-03-02,02:00:00,0.0,0.0
7318,2022-03-02,01:00:00,0.0,0.0
7319,2022-03-02,00:00:00,0.0,0.0
7320,2022-03-01,23:00:00,0.0,0.0
7321,2022-03-01,22:00:00,0.0,0.0
7322,2022-03-01,21:00:00,0.0,0.0
7323,2022-03-01,20:00:00,0.0,0.0
7324,2022-03-01,19:00:00,0.0,0.0
7325,2022-03-01,18:00:00,2.700000047683716,0.0026213592695958406
7326,2022-03-01,17:00:00,215.1999969482422,0.20893203587207979
7327,2022-03-01,16:00:00,337.29998779296875,0.32747571630385314
7328,2022-03-01,15:00:00,327.5,0.3179611650485437
7329,2022-03-01,14:00:00,579.8007202148438,0.5629133205969357
7330,2022-03-01,13:00:00,561.576416015625,0.5452198213743932
7331,2022-03-01,12:00:00,412.9928283691406,0.4009639110380006
7332,2022-03-01,11:00:00,207.4580078125,0.20141554156553398
7333,2022-03-01,10:00:00,311.20001220703125,0.30213593418158374
7334,2022-03-01,09:00:00,285.20001220703125,0.2768932157349818
7335,2022-03-01,08:00:00,163.8000030517578,0.1590291291764639
7336,2022-03-01,07:00:00,0.0,0.0
7337,2022-03-01,06:00:00,0.0,0.0
7338,2022-03-01,05:00:00,0.0,0.0
7339,2022-03-01,04:00:00,0.0,0.0
7340,2022-03-01,03:00:00,0.0,0.0
7341,2022-03-01,02:00:00,0.0,0.0
7342,2022-03-01,01:00:00,0.0,0.0
7343,2022-03-01,00:00:00,0.0,0.0
